File name,psnr,num edge origin with sobel,num edge origin with canny,num edge with ALM and saliency,num edge paper method
3D_mFFEXL-401/IM-0001-0001.jpg,21.567858120221672,60085,14155,112813,9786
3D_mFFEXL-401/IM-0001-0004.jpg,21.268124542155174,60764,14338,114589,10033
3D_mFFEXL-401/IM-0001-0007.jpg,21.035810509755226,61786,14381,115294,10400
3D_mFFEXL-401/IM-0001-0010.jpg,21.043083001504932,62746,14654,114531,10763
3D_mFFEXL-401/IM-0001-0013.jpg,21.027510484935906,63446,14938,115567,11212
3D_mFFEXL-401/IM-0001-0016.jpg,20.886698859610796,64305,15000,116467,11309
3D_mFFEXL-401/IM-0001-0019.jpg,20.764510604634083,64828,15086,117309,11224
3D_mFFEXL-401/IM-0001-0022.jpg,20.925652885543307,65332,15105,117806,10825
3D_mFFEXL-401/IM-0001-0025.jpg,20.86077715816662,66422,15446,118553,11229
3D_mFFEXL-401/IM-0001-0028.jpg,20.732346610863736,67279,15709,119252,11523
3D_mFFEXL-401/IM-0001-0031.jpg,20.72303694924897,68157,15751,119620,11732
3D_mFFEXL-401/IM-0001-0034.jpg,20.46848278110163,68789,15603,120255,11999
3D_mFFEXL-401/IM-0001-0037.jpg,20.31493231641335,70093,16006,120942,12235
3D_mFFEXL-401/IM-0001-0040.jpg,20.313306482320623,70516,16407,121695,12373
3D_mFFEXL-401/IM-0001-0043.jpg,20.23072227091518,71362,16529,121558,12583
3D_mFFEXL-401/IM-0001-0046.jpg,20.05328932863796,72342,16993,121516,12764
3D_mFFEXL-401/IM-0001-0052.jpg,20.006614584255672,73988,18257,124170,13813
3D_mFFEXL-401/IM-0001-0055.jpg,20.087689662861457,74762,18253,124955,13610
3D_mFFEXL-401/IM-0001-0058.jpg,20.081575617741994,75274,17769,124747,13674
3D_mFFEXL-401/IM-0001-0061.jpg,20.1635333165838,75885,18255,125214,14087
3D_mFFEXL-401/IM-0001-0064.jpg,20.034029607998253,76864,18378,125214,14228
3D_mFFEXL-401/IM-0001-0067.jpg,20.031211654709633,77918,18464,125606,14377
3D_mFFEXL-401/IM-0001-0070.jpg,20.058391517150426,78610,18847,127698,14410
3D_mFFEXL-401/IM-0001-0073.jpg,19.914327328139297,79166,19415,128276,14705
3D_mFFEXL-401/IM-0001-0076.jpg,19.724229189798443,80191,19624,128102,15172
3D_mFFEXL-401/IM-0001-0079.jpg,19.787150483667943,80888,19780,128457,15363
3D_mFFEXL-401/IM-0001-0082.jpg,19.813882903167467,81701,20110,129664,15401
3D_mFFEXL-401/IM-0001-0085.jpg,19.884322674726118,82013,20124,130154,15145
3D_mFFEXL-401/IM-0001-0088.jpg,19.658014008931612,83212,20434,130394,15648
3D_mFFEXL-401/IM-0001-0091.jpg,19.517886245811678,83774,20998,130783,16223
3D_mFFEXL-401/IM-0001-0094.jpg,19.326417487050715,84508,21359,131698,16674
3D_mFFEXL-401/IM-0001-0097.jpg,19.21785665827668,85033,21815,132248,17261
3D_mFFEXL-401/IM-0001-0103.jpg,19.441678071058377,86368,22265,133071,17242
3D_mFFEXL-401/IM-0001-0106.jpg,19.306704949246004,87148,22627,133602,17317
3D_mFFEXL-401/IM-0001-0109.jpg,19.234021377070647,87674,22883,134030,17882
3D_mFFEXL-401/IM-0001-0112.jpg,19.008326866336752,88748,23200,134560,18277
3D_mFFEXL-401/IM-0001-0115.jpg,19.101470603001754,89351,23801,134974,18541
3D_mFFEXL-401/IM-0001-0118.jpg,18.986941599456085,90134,24251,135101,18929
3D_mFFEXL-401/IM-0001-0121.jpg,18.832355915337015,90861,24436,135164,19497
3D_mFFEXL-401/IM-0001-0124.jpg,18.81039822442944,91500,24697,135800,19692
3D_mFFEXL-401/IM-0001-0127.jpg,18.882915495788648,92134,24870,136824,19497
3D_mFFEXL-401/IM-0001-0130.jpg,18.847115024141626,92984,25317,137107,19821
3D_mFFEXL-401/IM-0001-0133.jpg,18.705296548240945,93674,25285,137190,19390
3D_mFFEXL-401/IM-0001-0136.jpg,18.596787443240068,94397,25615,137342,20050
3D_mFFEXL-401/IM-0001-0139.jpg,18.8423223354147,95232,25621,136710,19627
3D_mFFEXL-401/IM-0001-0142.jpg,18.8299466018275,95879,25586,136770,20032
3D_mFFEXL-401/IM-0001-0145.jpg,18.69957086087332,96933,25976,137368,20404
3D_mFFEXL-401/IM-0001-0148.jpg,18.614067855686862,97571,26238,137924,20227
3D_mFFEXL-401/IM-0001-0154.jpg,18.591906931127188,98931,26313,138703,20488
3D_mFFEXL-401/IM-0001-0157.jpg,18.56456574346799,99494,26805,139188,20602
3D_mFFEXL-401/IM-0001-0160.jpg,18.761813906383267,100204,26308,139385,20910
3D_mFFEXL-401/IM-0001-0163.jpg,18.95540317874761,101175,27196,139779,20592
3D_mFFEXL-401/IM-0001-0166.jpg,18.925376268667826,101741,27389,140186,21015
3D_mFFEXL-401/IM-0001-0169.jpg,18.825953733585628,102522,27880,140657,21462
3D_mFFEXL-401/IM-0001-0172.jpg,18.696139816511387,103190,28335,140375,21601
3D_mFFEXL-401/IM-0001-0175.jpg,18.716495895258006,103797,28576,140826,21908
3D_mFFEXL-401/IM-0001-0178.jpg,18.67547987263897,104475,28803,141706,22136
3D_mFFEXL-401/IM-0001-0181.jpg,18.632462011788522,104865,28834,141905,21894
3D_mFFEXL-401/IM-0001-0184.jpg,18.729249274278676,105477,28615,141882,22030
3D_mFFEXL-401/IM-0001-0187.jpg,18.491115247366096,106239,28931,141840,22207
3D_mFFEXL-401/IM-0001-0190.jpg,18.610846762601565,107041,29242,142314,22709
3D_mFFEXL-401/IM-0001-0193.jpg,18.565554742270287,107560,29213,142838,22816
3D_mFFEXL-401/IM-0001-0196.jpg,18.599744444647637,108325,28971,142922,22541
3D_mFFEXL-401/IM-0001-0199.jpg,18.535315908996306,108739,29362,143300,22520
3D_mFFEXL-401/IM-0001-0049.jpg,19.99386652153751,73246,17512,123187,13270
3D_mFFEXL-401/IM-0001-0100.jpg,19.366680553347084,85779,22099,132453,17538
3D_mFFEXL-401/IM-0001-0151.jpg,18.724346589340747,98187,26282,138252,20109
3D_mFFEXL-401/IM-0001-0202.jpg,18.5872981903439,109151,29375,143272,22710
3D_mFFEXL-401/IM-0001-0253.jpg,18.294018702195785,116451,31873,146874,25315
3D_mFFEXL-401/IM-0001-0304.jpg,17.677512394009412,121349,34985,149445,28440
3D_mFFEXL-401/IM-0001-0355.jpg,17.837004264014585,123679,35472,151503,27726
3D_mFFEXL-401/IM-0001-0406.jpg,17.317274691205633,124084,37480,152577,29859
3D_mFFEXL-401/IM-0001-0457.jpg,17.652943201732967,122466,35475,152963,28629
3D_mFFEXL-401/IM-0001-0508.jpg,17.932466047310925,117252,34010,151265,27087
3D_mFFEXL-401/IM-0001-0559.jpg,18.396262823527294,109505,31021,149161,24206
3D_mFFEXL-401/IM-0001-0610.jpg,18.41596053836783,98716,27862,142523,22091
3D_mFFEXL-401/IM-0001-0661.jpg,19.092865155110868,83011,21860,129333,16867
3D_mFFEXL-401/IM-0001-0205.jpg,18.53787088165098,109684,29649,143295,22823
3D_mFFEXL-401/IM-0001-0208.jpg,18.57773479551307,110284,29431,143731,22663
3D_mFFEXL-401/IM-0001-0211.jpg,18.51836547932232,110582,29754,143900,23219
3D_mFFEXL-401/IM-0001-0214.jpg,18.479970335704323,111228,29783,144073,22938
3D_mFFEXL-401/IM-0001-0217.jpg,18.40146042436611,111538,30024,144358,23184
3D_mFFEXL-401/IM-0001-0220.jpg,18.400546073480456,112065,30173,144264,23616
3D_mFFEXL-401/IM-0001-0223.jpg,18.391233521335028,112381,30511,144373,23971
3D_mFFEXL-401/IM-0001-0226.jpg,18.310882432233498,113080,30870,144693,24700
3D_mFFEXL-401/IM-0001-0229.jpg,18.26609182888697,113428,31312,145008,24418
3D_mFFEXL-401/IM-0001-0232.jpg,18.265307752262256,113626,31655,145066,24538
3D_mFFEXL-401/IM-0001-0235.jpg,18.325205593346833,113916,31390,145346,24726
3D_mFFEXL-401/IM-0001-0238.jpg,18.335276557595567,114308,31461,145572,24498
3D_mFFEXL-401/IM-0001-0241.jpg,18.224400552657055,114542,31502,145866,24934
3D_mFFEXL-401/IM-0001-0244.jpg,18.15474629052709,114915,31666,146303,25033
3D_mFFEXL-401/IM-0001-0247.jpg,18.194886719545895,115408,31410,146584,24588
3D_mFFEXL-401/IM-0001-0250.jpg,18.322796855948642,115909,31584,146851,24818
3D_mFFEXL-401/IM-0001-0256.jpg,18.21772762901423,116959,32148,147102,25435
3D_mFFEXL-401/IM-0001-0259.jpg,18.31771525136878,117205,32283,147187,25545
3D_mFFEXL-401/IM-0001-0262.jpg,18.054432290005526,117623,32561,147714,26240
3D_mFFEXL-401/IM-0001-0265.jpg,17.972201164715816,117918,32902,147750,26340
3D_mFFEXL-401/IM-0001-0268.jpg,17.89685340713891,118109,32856,147918,26136
3D_mFFEXL-401/IM-0001-0271.jpg,18.079171137368387,118464,33038,147891,26014
3D_mFFEXL-401/IM-0001-0274.jpg,18.169390832101296,118671,32435,148170,25486
3D_mFFEXL-401/IM-0001-0277.jpg,18.08742491733127,119130,32786,148225,26014
3D_mFFEXL-401/IM-0001-0280.jpg,17.947931429279308,119384,32994,148426,26168
3D_mFFEXL-401/IM-0001-0283.jpg,17.94861113003885,119638,33313,148465,26789
3D_mFFEXL-401/IM-0001-0286.jpg,18.021265259462567,119784,33064,148511,26584
3D_mFFEXL-401/IM-0001-0289.jpg,17.90412201504313,120050,33531,148605,27042
3D_mFFEXL-401/IM-0001-0292.jpg,18.042326692220158,120378,34060,148890,27141
3D_mFFEXL-401/IM-0001-0295.jpg,17.943139092553523,120562,34545,148942,28043
3D_mFFEXL-401/IM-0001-0298.jpg,17.861157305026435,120740,34674,149236,27943
3D_mFFEXL-401/IM-0001-0301.jpg,17.809606479635146,121004,34713,149364,27980
3D_mFFEXL-401/IM-0001-0307.jpg,17.76207116377505,121509,35078,149659,28520
3D_mFFEXL-401/IM-0001-0310.jpg,17.637378647483814,121668,35492,149649,28855
3D_mFFEXL-401/IM-0001-0313.jpg,17.547950635978204,121867,35498,149655,28997
3D_mFFEXL-401/IM-0001-0316.jpg,17.45575399460149,122169,35781,149846,29231
3D_mFFEXL-401/IM-0001-0319.jpg,17.428074474771318,122264,35747,149664,29332
3D_mFFEXL-401/IM-0001-0322.jpg,17.503924926671978,122447,35669,149879,29123
3D_mFFEXL-401/IM-0001-0325.jpg,17.732296234607688,122699,35632,150320,28393
3D_mFFEXL-401/IM-0001-0328.jpg,17.792531678780698,122745,35151,150501,28335
3D_mFFEXL-401/IM-0001-0331.jpg,17.884496592347425,122802,35197,150623,28122
3D_mFFEXL-401/IM-0001-0334.jpg,17.768425664634307,123083,34701,150915,27909
3D_mFFEXL-401/IM-0001-0337.jpg,17.877107440088814,122988,34739,150899,28134
3D_mFFEXL-401/IM-0001-0340.jpg,17.91000064794945,123176,35144,151110,28373
3D_mFFEXL-401/IM-0001-0343.jpg,17.713890183667615,123384,35493,151235,28453
3D_mFFEXL-401/IM-0001-0346.jpg,17.76689192525264,123413,35357,151156,28498
3D_mFFEXL-401/IM-0001-0349.jpg,17.956282259518325,123412,35275,151172,28143
3D_mFFEXL-401/IM-0001-0352.jpg,17.8612973537146,123686,35176,151296,28044
3D_mFFEXL-401/IM-0001-0358.jpg,17.871081499292337,123823,35391,151619,27904
3D_mFFEXL-401/IM-0001-0361.jpg,17.762798198872716,123853,35261,151590,27849
3D_mFFEXL-401/IM-0001-0364.jpg,17.6685062209213,123883,35338,151669,27745
3D_mFFEXL-401/IM-0001-0367.jpg,17.657073038831427,124083,35731,151685,27980
3D_mFFEXL-401/IM-0001-0370.jpg,17.696342730816276,123863,34948,151684,27764
3D_mFFEXL-401/IM-0001-0373.jpg,17.80796436454928,123953,35289,151758,28022
3D_mFFEXL-401/IM-0001-0376.jpg,17.742592699722476,123995,35171,152027,28212
3D_mFFEXL-401/IM-0001-0379.jpg,17.672243975980933,123969,34862,151940,27765
3D_mFFEXL-401/IM-0001-0382.jpg,17.726407039962027,124080,35221,151997,27603
3D_mFFEXL-401/IM-0001-0385.jpg,17.520938861485085,124273,35622,151840,28459
3D_mFFEXL-401/IM-0001-0388.jpg,17.529131015302013,124238,36035,151886,28759
3D_mFFEXL-401/IM-0001-0391.jpg,17.602504467223092,124226,36067,151881,28399
3D_mFFEXL-401/IM-0001-0394.jpg,17.607657170710993,124346,35886,151858,28461
3D_mFFEXL-401/IM-0001-0397.jpg,17.584284671275967,124078,36529,152143,29035
3D_mFFEXL-401/IM-0001-0400.jpg,17.512463594138616,124220,36781,152452,29181
3D_mFFEXL-401/IM-0001-0403.jpg,17.42413442512236,124123,37041,152339,29151
3D_mFFEXL-401/IM-0001-0409.jpg,17.397498120535246,123844,36979,152439,29666
3D_mFFEXL-401/IM-0001-0412.jpg,17.49807730440018,123966,36594,152794,29377
3D_mFFEXL-401/IM-0001-0415.jpg,17.399458875508444,124082,36624,152582,29416
3D_mFFEXL-401/IM-0001-0418.jpg,17.534093694878653,123983,36511,152528,29654
3D_mFFEXL-401/IM-0001-0421.jpg,17.554902033349173,123846,36265,152550,29251
3D_mFFEXL-401/IM-0001-0424.jpg,17.555246557540947,123726,35983,152755,28997
3D_mFFEXL-401/IM-0001-0427.jpg,17.604731230081757,123696,36196,152771,29163
3D_mFFEXL-401/IM-0001-0430.jpg,17.599915717868445,123661,36045,152845,28850
3D_mFFEXL-401/IM-0001-0433.jpg,17.551046093048583,123389,35940,152762,28758
3D_mFFEXL-401/IM-0001-0436.jpg,17.462053070994546,123423,35719,152862,29028
3D_mFFEXL-401/IM-0001-0439.jpg,17.411449257454304,123426,36205,152765,29378
3D_mFFEXL-401/IM-0001-0442.jpg,17.376656193880763,123223,35898,152800,29397
3D_mFFEXL-401/IM-0001-0445.jpg,17.456047752695063,122964,35626,152964,28677
3D_mFFEXL-401/IM-0001-0448.jpg,17.494357103800752,122844,35314,153001,28570
3D_mFFEXL-401/IM-0001-0451.jpg,17.44579191002923,122791,35422,153062,28589
3D_mFFEXL-401/IM-0001-0454.jpg,17.50887437124369,122592,35511,153034,28814
3D_mFFEXL-401/IM-0001-0460.jpg,17.76908553418414,122170,34960,152919,28285
3D_mFFEXL-401/IM-0001-0463.jpg,17.717970157055753,122027,34804,152967,28253
3D_mFFEXL-401/IM-0001-0466.jpg,17.718845815877668,121605,34621,152934,28092
3D_mFFEXL-401/IM-0001-0469.jpg,17.96140809550127,121259,33870,152836,27602
3D_mFFEXL-401/IM-0001-0472.jpg,17.934062694694287,120989,34097,152782,27713
3D_mFFEXL-401/IM-0001-0475.jpg,17.784971506206382,120911,34336,152748,28031
3D_mFFEXL-401/IM-0001-0478.jpg,17.698112745577927,120696,34332,152632,27843
3D_mFFEXL-401/IM-0001-0481.jpg,17.65184429261682,120261,34460,152647,27774
3D_mFFEXL-401/IM-0001-0484.jpg,17.780841553160784,119796,34650,152495,28066
3D_mFFEXL-401/IM-0001-0487.jpg,17.76027260162536,119395,34543,152446,27991
3D_mFFEXL-401/IM-0001-0490.jpg,17.784844123811414,119106,34670,152129,28174
3D_mFFEXL-401/IM-0001-0493.jpg,17.774489827429587,118915,34642,152168,28035
3D_mFFEXL-401/IM-0001-0496.jpg,17.78006707474528,118756,34517,152070,27981
3D_mFFEXL-401/IM-0001-0499.jpg,17.870966650581977,118521,34077,152106,26961
3D_mFFEXL-401/IM-0001-0502.jpg,17.812869969957074,118168,34057,151571,27225
3D_mFFEXL-401/IM-0001-0505.jpg,17.920694228350097,117655,33992,151163,27001
3D_mFFEXL-401/IM-0001-0511.jpg,17.817088662450626,117131,33994,151092,27401
3D_mFFEXL-401/IM-0001-0514.jpg,17.74037389854414,116800,33680,151079,27091
3D_mFFEXL-401/IM-0001-0517.jpg,17.934337446745122,116584,33808,150829,26837
3D_mFFEXL-401/IM-0001-0520.jpg,17.832392522075796,116002,33370,150847,26543
3D_mFFEXL-401/IM-0001-0523.jpg,18.04742833052666,115597,33213,150470,26509
3D_mFFEXL-401/IM-0001-0526.jpg,18.097705708275566,115321,32492,150515,25976
3D_mFFEXL-401/IM-0001-0529.jpg,18.112690475632004,114818,32690,150453,25995
3D_mFFEXL-401/IM-0001-0532.jpg,18.17052192456323,114271,32474,150403,25948
3D_mFFEXL-401/IM-0001-0535.jpg,18.214312452726965,113947,32127,150351,25147
3D_mFFEXL-401/IM-0001-0538.jpg,18.198981015471333,113573,31861,150331,24608
3D_mFFEXL-401/IM-0001-0541.jpg,18.571502692378154,112904,31159,150167,24265
3D_mFFEXL-401/IM-0001-0544.jpg,18.49104738816878,112269,31091,150168,24165
3D_mFFEXL-401/IM-0001-0547.jpg,18.280136901165733,111791,30682,150032,23892
3D_mFFEXL-401/IM-0001-0550.jpg,18.34902578258989,111340,30764,150102,24204
3D_mFFEXL-401/IM-0001-0553.jpg,18.414364139404846,110797,30720,149274,23956
3D_mFFEXL-401/IM-0001-0556.jpg,18.307411219586644,110134,30902,149106,24076
3D_mFFEXL-401/IM-0001-0562.jpg,18.59651818085238,109109,30892,148250,23659
3D_mFFEXL-401/IM-0001-0565.jpg,18.3022575282555,108907,30894,147897,23874
3D_mFFEXL-401/IM-0001-0568.jpg,18.25417030902045,108105,30945,148231,23954
3D_mFFEXL-401/IM-0001-0571.jpg,18.257973276793,107661,30803,147742,23744
3D_mFFEXL-401/IM-0001-0574.jpg,18.29702203767377,107016,30561,147436,23522
3D_mFFEXL-401/IM-0001-0577.jpg,18.34964930187353,106447,30306,147271,23236
3D_mFFEXL-401/IM-0001-0580.jpg,18.431324055796875,105825,30227,146445,23542
3D_mFFEXL-401/IM-0001-0583.jpg,18.200048272047894,105495,30381,146008,23949
3D_mFFEXL-401/IM-0001-0586.jpg,18.326841333595027,104644,29971,145328,23517
3D_mFFEXL-401/IM-0001-0589.jpg,18.38247139270059,103930,29484,145341,23178
3D_mFFEXL-401/IM-0001-0592.jpg,18.36441837578851,103107,29542,144706,23103
3D_mFFEXL-401/IM-0001-0595.jpg,18.424419013720666,102512,29539,144060,22940
3D_mFFEXL-401/IM-0001-0598.jpg,18.238832895734134,102000,28940,143841,22927
3D_mFFEXL-401/IM-0001-0601.jpg,18.388190727339886,100920,28464,143517,22423
3D_mFFEXL-401/IM-0001-0604.jpg,18.52688945652291,100385,28034,142803,22050
3D_mFFEXL-401/IM-0001-0607.jpg,18.60887968417725,99282,27787,142647,21770
3D_mFFEXL-401/IM-0001-0613.jpg,18.39533889233387,97845,27742,142086,21811
3D_mFFEXL-401/IM-0001-0616.jpg,18.46738235727489,97121,27483,141710,21744
3D_mFFEXL-401/IM-0001-0619.jpg,18.61536230934088,96621,26966,141219,21383
3D_mFFEXL-401/IM-0001-0622.jpg,18.550619246976833,95696,26470,140404,20923
3D_mFFEXL-401/IM-0001-0625.jpg,18.618116563591364,94570,26230,139902,20473
3D_mFFEXL-401/IM-0001-0628.jpg,18.758454793249467,93419,25551,139611,19985
3D_mFFEXL-401/IM-0001-0631.jpg,18.840423506804257,92452,25160,138967,19985
3D_mFFEXL-401/IM-0001-0634.jpg,18.881650698914825,91666,24970,137903,19617
3D_mFFEXL-401/IM-0001-0637.jpg,18.989021419960388,90884,24540,137111,19377
3D_mFFEXL-401/IM-0001-0640.jpg,18.805084724515897,89844,24313,136204,19200
3D_mFFEXL-401/IM-0001-0643.jpg,18.925447777847058,88917,24122,135162,19013
3D_mFFEXL-401/IM-0001-0646.jpg,18.957667913619638,88064,23636,134495,18592
3D_mFFEXL-401/IM-0001-0649.jpg,18.94726426782889,87077,23227,133311,18364
3D_mFFEXL-401/IM-0001-0652.jpg,19.102912473587633,86217,22829,132114,17852
3D_mFFEXL-401/IM-0001-0655.jpg,19.19120815922123,85182,22362,131539,17300
3D_mFFEXL-401/IM-0001-0658.jpg,19.078052615130343,84179,22217,130592,17419
3D_mFFEXL-401/IM-0001-0664.jpg,19.184656434070824,82126,21546,128747,16732
3D_mFFEXL-401/IM-0001-0667.jpg,19.267058673230828,80701,20966,128125,16444
3D_mFFEXL-401/IM-0001-0670.jpg,19.23803588981367,79843,20739,127393,16113
3D_mFFEXL-401/IM-0001-0673.jpg,19.177406377379345,79274,20464,126877,15802
3D_mFFEXL-401/IM-0001-0676.jpg,19.319955264018535,77939,19709,125876,15444
3D_mFFEXL-401/IM-0001-0679.jpg,19.521084439592236,77036,19653,124811,15278
3D_mFFEXL-401/IM-0001-0682.jpg,19.48499887972838,76262,19533,124697,15187
3D_mFFEXL-401/IM-0001-0685.jpg,19.658763722989598,75087,19308,123453,14834
3D_mFFEXL-401/IM-0001-0688.jpg,19.733230736845524,73837,19110,122539,14657
3D_mFFEXL-401/IM-0001-0691.jpg,19.972994912490247,72919,18532,121193,14460
3D_mFFEXL-401/IM-0001-0694.jpg,20.095136270122037,72236,18720,119999,14320
3D_mFFEXL-401/IM-0001-0697.jpg,20.07394537921066,71419,18563,118483,14141
3D_mFFEXL-401/IM-0001-0700.jpg,20.100506055518114,70024,17729,117349,13564
3D_mFFEXL-401/IM-0001-0703.jpg,20.32577207936356,68922,17480,116054,13308
3D_mFFEXL-401/IM-0001-0706.jpg,20.537942446380907,67822,17132,114908,13109
3D_mFFEXL-401/IM-0001-0709.jpg,20.78972334035287,67150,17068,113935,12690
3D_mFFEXL-401/IM-0001-0712.jpg,20.926279714130878,65901,17157,113252,12682
3D_mFFEXL-401/IM-0001-0715.jpg,21.07028357989698,65163,16604,112564,12580
3D_mFFEXL-401/IM-0001-0718.jpg,21.125643360431106,64822,16806,111420,12417
3D_mFFEXL-401/IM-0001-0721.jpg,21.216707620584373,63962,16436,110577,11709
3D_mFFEXL-401/IM-0001-0724.jpg,21.37500938859783,62961,16269,109202,11447
3D_mFFEXL-401/IM-0001-0727.jpg,21.613994481890238,61746,15673,107757,10935
3D_mFFEXL-401/IM-0001-0730.jpg,21.832430114660227,60481,15429,106154,10724
3D_mFFEXL-401/IM-0001-0733.jpg,22.293950924782227,59418,14806,104284,10153
3D_mFFEXL-401/IM-0001-0736.jpg,22.44261035485815,59028,14534,102942,9775
3D_mFFEXL-401/IM-0001-0739.jpg,22.633374119088217,57711,14098,101589,9590
3D_mFFEXL-401/IM-0001-0742.jpg,22.69023212792666,56574,13826,99864,9257
3D_mFFEXL-401/IM-0001-0745.jpg,23.046489416050214,55464,13351,98108,8886
3D_mFFEXL-401/IM-0001-0748.jpg,23.291619425629143,54230,13116,96255,8497
75.0% - 5/IM-0001-0001.jpg,22.670048231373205,107356,21532,210079,12346
75.0% - 5/IM-0001-0002.jpg,22.745538590579084,108418,21364,210321,12039
75.0% - 5/IM-0001-0003.jpg,22.729739249217328,108461,21365,210532,12181
75.0% - 5/IM-0001-0004.jpg,22.518778573496043,108992,22043,211259,12968
75.0% - 5/IM-0001-0005.jpg,22.569545372790238,109255,21842,212258,12767
75.0% - 5/IM-0001-0006.jpg,22.426511515433862,109378,21793,213303,12741
75.0% - 5/IM-0001-0007.jpg,22.33657172319131,109415,21652,214108,12929
75.0% - 5/IM-0001-0008.jpg,22.50476247855476,109677,21270,214756,12669
75.0% - 5/IM-0001-0009.jpg,22.387804724249015,110229,21708,213518,13042
75.0% - 5/IM-0001-0010.jpg,22.47827399277468,110583,21855,213752,12618
75.0% - 5/IM-0001-0011.jpg,22.20925980117856,110617,21689,213817,12819
75.0% - 5/IM-0001-0012.jpg,22.26832125712212,110998,21938,214608,13051
75.0% - 5/IM-0001-0013.jpg,22.35850574276157,110376,21825,213167,12952
75.0% - 5/IM-0001-0014.jpg,22.44326366050286,109642,21892,212429,12854
75.0% - 5/IM-0001-0015.jpg,22.39799577772509,109494,21513,213909,12367
75.0% - 5/IM-0001-0016.jpg,22.40208798534592,109966,21935,215659,12888
75.0% - 5/IM-0001-0018.jpg,22.284214402600035,110576,21752,217825,13485
75.0% - 5/IM-0001-0019.jpg,22.45290271514024,110134,21946,218359,13090
75.0% - 5/IM-0001-0020.jpg,22.389339212381884,109278,22111,217942,12894
75.0% - 5/IM-0001-0021.jpg,22.358262576121028,108980,21836,217795,12780
75.0% - 5/IM-0001-0022.jpg,22.363358634148135,109339,21912,217776,12882
75.0% - 5/IM-0001-0023.jpg,22.48373923717404,109920,22147,217660,13183
75.0% - 5/IM-0001-0024.jpg,22.21410108030711,109812,22271,217946,13234
75.0% - 5/IM-0001-0025.jpg,22.13664184336131,109454,22134,215932,13190
75.0% - 5/IM-0001-0026.jpg,22.370646460866517,109674,22337,216254,12863
75.0% - 5/IM-0001-0027.jpg,22.41694799501218,109617,22076,215745,12819
75.0% - 5/IM-0001-0028.jpg,22.345607777594203,110549,22063,215214,12794
75.0% - 5/IM-0001-0029.jpg,22.283351497555877,111530,22613,216283,13273
75.0% - 5/IM-0001-0030.jpg,22.145919588158343,113200,22739,218751,13411
75.0% - 5/IM-0001-0031.jpg,22.174525689023753,113908,22786,217916,13246
75.0% - 5/IM-0001-0032.jpg,22.222374856549145,113963,22269,219298,13636
75.0% - 5/IM-0001-0033.jpg,22.347911007608623,113726,21548,216706,12889
75.0% - 5/IM-0001-0035.jpg,22.65241255379328,112606,19291,214770,11864
75.0% - 5/IM-0001-0036.jpg,22.599833171355215,112529,19090,212922,11932
75.0% - 5/IM-0001-0037.jpg,22.637150404640963,111640,18592,212786,12022
75.0% - 5/IM-0001-0038.jpg,22.665979170334964,111982,18769,213159,11724
75.0% - 5/IM-0001-0039.jpg,22.480353661314965,111138,18623,213892,11707
75.0% - 5/IM-0001-0040.jpg,22.61274099415275,111472,18644,212834,11598
75.0% - 5/IM-0001-0041.jpg,22.617691431640445,111237,18714,213415,11730
75.0% - 5/IM-0001-0042.jpg,22.581936357810527,111168,18367,213331,11347
75.0% - 5/IM-0001-0043.jpg,22.56343262385199,111028,18477,213119,11342
75.0% - 5/IM-0001-0044.jpg,22.71251160166022,109909,18260,213360,11335
75.0% - 5/IM-0001-0045.jpg,22.802067399964997,109868,18332,213677,11237
75.0% - 5/IM-0001-0046.jpg,22.85095367988639,109565,17816,214228,11217
75.0% - 5/IM-0001-0047.jpg,22.78276611546537,110054,17842,213898,11307
75.0% - 5/IM-0001-0048.jpg,22.71271110493376,110000,17764,212653,11239
75.0% - 5/IM-0001-0049.jpg,22.842779733650012,110233,18104,212110,11134
75.0% - 5/IM-0001-0050.jpg,22.77967245457131,109425,17958,211718,11270
75.0% - 5/IM-0001-0052.jpg,22.589423741551002,109317,18566,211661,11580
75.0% - 5/IM-0001-0053.jpg,22.629238539529595,109147,18124,211290,11456
75.0% - 5/IM-0001-0054.jpg,22.626967489257588,109062,18012,210881,11219
75.0% - 5/IM-0001-0055.jpg,22.665323884454523,109743,18649,212887,11558
75.0% - 5/IM-0001-0056.jpg,22.689603465196654,110590,18564,212720,11483
75.0% - 5/IM-0001-0057.jpg,22.67649339827266,110210,18433,212310,11399
75.0% - 5/IM-0001-0058.jpg,22.633641605867517,110776,18355,211940,11679
75.0% - 5/IM-0001-0059.jpg,22.561975371426293,110502,18559,211634,11501
75.0% - 5/IM-0001-0060.jpg,22.63952695535327,111346,18941,211096,11869
75.0% - 5/IM-0001-0061.jpg,22.68708247772857,111444,18971,211086,11859
75.0% - 5/IM-0001-0062.jpg,22.783228799954585,111125,18743,210850,11588
75.0% - 5/IM-0001-0063.jpg,22.80864768379905,111452,18679,211738,11588
75.0% - 5/IM-0001-0064.jpg,22.727339565361333,111712,18552,211819,11467
75.0% - 5/IM-0001-0065.jpg,22.658849393099803,112102,19121,212503,11697
75.0% - 5/IM-0001-0066.jpg,22.691662372033004,112250,19113,212427,11900
75.0% - 5/IM-0001-0067.jpg,22.554882578435432,113073,19286,212865,11938
75.0% - 5/IM-0001-0017.jpg,22.437976374851544,110618,21864,216003,13044
75.0% - 5/IM-0001-0034.jpg,22.419422357464086,112853,21992,217720,12550
75.0% - 5/IM-0001-0051.jpg,22.76013262030844,109080,18424,211879,11471
75.0% - 5/IM-0001-0068.jpg,22.470509282045015,112950,19834,212339,12329
75.0% - 5/IM-0001-0085.jpg,22.1557826129104,111638,24338,210359,14062
75.0% - 5/IM-0001-0102.jpg,22.5249829499502,113089,22722,214833,12782
75.0% - 5/IM-0001-0119.jpg,22.316268016286692,115052,20494,212855,13116
75.0% - 5/IM-0001-0136.jpg,22.06448233645956,115886,23684,207760,13889
75.0% - 5/IM-0001-0153.jpg,21.65690499077018,119528,26962,211092,16281
75.0% - 5/IM-0001-0170.jpg,22.1806149782238,117960,24194,211641,14358
75.0% - 5/IM-0001-0187.jpg,22.190546571867735,121103,23961,215058,13300
75.0% - 5/IM-0001-0204.jpg,22.078463819562778,121367,27937,214790,15830
75.0% - 5/IM-0001-0221.jpg,21.79034424043245,124649,29736,218015,16160
75.0% - 5/IM-0001-0238.jpg,22.443929753776814,129095,25864,219271,13259
75.0% - 5/IM-0001-0255.jpg,21.759039411784286,137700,28728,220269,14381
75.0% - 5/IM-0001-0272.jpg,20.755763182774277,150009,38100,221014,20151
75.0% - 5/IM-0001-0289.jpg,20.390930774566097,170553,43144,233118,21131
75.0% - 5/IM-0001-0306.jpg,20.362806946208135,183348,44233,241602,20427
75.0% - 5/IM-0001-0323.jpg,19.075977451137238,191313,56814,246681,32543
75.0% - 5/IM-0001-0340.jpg,18.890574481744487,198469,59624,247475,34446
75.0% - 5/IM-0001-0357.jpg,19.033051921947866,202125,57630,248824,31281
75.0% - 5/IM-0001-0374.jpg,18.71985877954795,205145,61203,248828,34948
75.0% - 5/IM-0001-0391.jpg,18.451607872455604,206882,65991,248094,42790
75.0% - 5/IM-0001-0408.jpg,18.38602052924727,208188,66069,247559,40727
75.0% - 5/IM-0001-0425.jpg,18.81389498950805,207667,62729,245281,36701
75.0% - 5/IM-0001-0069.jpg,22.442718572221438,112132,20378,211516,12099
75.0% - 5/IM-0001-0070.jpg,22.501025797423058,110577,20991,210969,12055
75.0% - 5/IM-0001-0071.jpg,22.431279243539294,109822,21323,209000,12530
75.0% - 5/IM-0001-0072.jpg,22.42248102230541,109966,22064,208719,12651
75.0% - 5/IM-0001-0073.jpg,22.37237722494362,109672,22279,208058,12969
75.0% - 5/IM-0001-0074.jpg,22.558242012027087,109448,22562,208184,12821
75.0% - 5/IM-0001-0075.jpg,22.57532438904816,109558,22422,207668,13373
75.0% - 5/IM-0001-0076.jpg,22.350652578065606,109218,23202,208650,13475
75.0% - 5/IM-0001-0077.jpg,22.218293511586765,109798,23289,208604,13729
75.0% - 5/IM-0001-0078.jpg,22.216259114838127,109113,23149,209723,13908
75.0% - 5/IM-0001-0079.jpg,22.200356815375265,109470,23333,208446,13941
75.0% - 5/IM-0001-0080.jpg,22.2069248249505,110669,23892,208262,13800
75.0% - 5/IM-0001-0081.jpg,22.204425563547616,110465,23722,209561,13808
75.0% - 5/IM-0001-0082.jpg,22.043936895559195,110655,23764,209327,13815
75.0% - 5/IM-0001-0083.jpg,22.066412569706763,111622,23535,210383,13993
75.0% - 5/IM-0001-0084.jpg,22.168743348497483,111266,23291,209631,13839
75.0% - 5/IM-0001-0086.jpg,22.161349774427933,111726,23843,209565,13965
75.0% - 5/IM-0001-0087.jpg,22.29809281986789,111797,24101,211010,13533
75.0% - 5/IM-0001-0088.jpg,22.156228344488692,112113,24172,212184,14059
75.0% - 5/IM-0001-0089.jpg,22.150208993433857,112758,24393,212481,14287
75.0% - 5/IM-0001-0090.jpg,22.18348129763628,113512,24318,214308,14065
75.0% - 5/IM-0001-0091.jpg,22.16528019471513,114371,24547,214261,14315
75.0% - 5/IM-0001-0092.jpg,22.206815054355154,114635,24768,214890,14245
75.0% - 5/IM-0001-0093.jpg,22.26048952438242,114884,24800,214593,13948
75.0% - 5/IM-0001-0094.jpg,22.175430556176494,115123,24212,214176,14059
75.0% - 5/IM-0001-0095.jpg,22.206682079803947,114724,24379,214699,14520
75.0% - 5/IM-0001-0096.jpg,22.40755224831247,115558,24578,215156,14191
75.0% - 5/IM-0001-0097.jpg,22.476064559775637,114953,24291,214773,13576
75.0% - 5/IM-0001-0098.jpg,22.497455651661113,113993,24300,214798,13641
75.0% - 5/IM-0001-0099.jpg,22.407250616636997,113642,23909,213825,13584
75.0% - 5/IM-0001-0100.jpg,22.508937017234484,113508,23980,214176,13413
75.0% - 5/IM-0001-0101.jpg,22.50055583434009,113499,23152,213938,13357
75.0% - 5/IM-0001-0103.jpg,22.56300761991219,112072,22493,212289,12724
75.0% - 5/IM-0001-0104.jpg,22.556945557348776,112615,21935,211923,12799
75.0% - 5/IM-0001-0105.jpg,22.55444689484007,113006,22572,212960,13321
75.0% - 5/IM-0001-0106.jpg,22.57856556514756,112749,21534,212677,12905
75.0% - 5/IM-0001-0107.jpg,22.648762376251888,112829,20096,210993,11747
75.0% - 5/IM-0001-0108.jpg,22.556914984825468,113383,19551,210710,12188
75.0% - 5/IM-0001-0109.jpg,22.587239976255074,113366,19885,211278,12199
75.0% - 5/IM-0001-0110.jpg,22.60843951097476,113793,20039,210951,12226
75.0% - 5/IM-0001-0111.jpg,22.452877617027134,113438,20312,211361,12384
75.0% - 5/IM-0001-0112.jpg,22.424354700726575,112748,20508,210603,12518
75.0% - 5/IM-0001-0113.jpg,22.40822095985143,112930,20002,211104,12151
75.0% - 5/IM-0001-0114.jpg,22.27958966092418,113022,19924,211229,12629
75.0% - 5/IM-0001-0115.jpg,22.3442817723754,113692,20236,211783,12729
75.0% - 5/IM-0001-0116.jpg,22.402174054974946,113798,20240,211550,13135
75.0% - 5/IM-0001-0117.jpg,22.43277380984057,113696,20067,212185,13023
75.0% - 5/IM-0001-0118.jpg,22.34412161768473,114989,20653,213467,12862
75.0% - 5/IM-0001-0120.jpg,22.27920902734683,115043,21021,211970,12852
75.0% - 5/IM-0001-0121.jpg,22.359596454522066,115301,20454,212181,12872
75.0% - 5/IM-0001-0122.jpg,22.37705093509719,114864,20607,212178,12945
75.0% - 5/IM-0001-0123.jpg,22.396251281189265,114576,20568,212146,12859
75.0% - 5/IM-0001-0124.jpg,22.44552697804427,114106,20450,210129,12903
75.0% - 5/IM-0001-0125.jpg,22.33998416502192,114180,21137,210012,13160
75.0% - 5/IM-0001-0126.jpg,22.41331534650797,114038,21441,209003,12769
75.0% - 5/IM-0001-0127.jpg,22.38728624113233,113621,21757,208096,12935
75.0% - 5/IM-0001-0128.jpg,22.295502777463682,114162,22315,208421,13149
75.0% - 5/IM-0001-0129.jpg,22.309146804731146,113420,22129,207049,12876
75.0% - 5/IM-0001-0130.jpg,22.348479152275964,114302,22466,207297,12963
75.0% - 5/IM-0001-0131.jpg,22.250907355289243,114973,23020,207253,13540
75.0% - 5/IM-0001-0132.jpg,22.292171393925585,115346,23511,207172,13425
75.0% - 5/IM-0001-0133.jpg,22.26343442295729,115488,23191,207675,13568
75.0% - 5/IM-0001-0134.jpg,22.19606962107936,115614,23517,208406,13423
75.0% - 5/IM-0001-0135.jpg,22.135047199602088,115779,23896,208668,13836
75.0% - 5/IM-0001-0137.jpg,22.11984214080025,115884,24779,207578,14566
75.0% - 5/IM-0001-0138.jpg,22.044014561131235,116168,25238,209202,14854
75.0% - 5/IM-0001-0139.jpg,21.98958247767528,116293,25068,209763,14764
75.0% - 5/IM-0001-0140.jpg,21.85575926074659,116427,24745,211278,15144
75.0% - 5/IM-0001-0141.jpg,21.793982163443467,116883,25253,211838,14998
75.0% - 5/IM-0001-0142.jpg,21.789619206484033,117593,25644,212679,15475
75.0% - 5/IM-0001-0143.jpg,21.719931263734328,118600,26406,212214,16149
75.0% - 5/IM-0001-0144.jpg,21.64851137346336,119413,26586,213241,15499
75.0% - 5/IM-0001-0145.jpg,21.393190891562064,119437,26901,211898,15968
75.0% - 5/IM-0001-0146.jpg,21.527556189011825,120250,26422,212065,15584
75.0% - 5/IM-0001-0147.jpg,21.522744088449357,120219,26654,212520,15885
75.0% - 5/IM-0001-0148.jpg,21.55462235724236,120913,26994,212320,15711
75.0% - 5/IM-0001-0149.jpg,21.633950505369054,120909,26996,212272,16458
75.0% - 5/IM-0001-0150.jpg,21.63956121525996,120644,27070,212869,16399
75.0% - 5/IM-0001-0151.jpg,21.55336117644094,120292,26972,212283,16655
75.0% - 5/IM-0001-0152.jpg,21.559461319151872,119900,27044,211660,16802
75.0% - 5/IM-0001-0154.jpg,21.797648727859563,119197,26680,210376,16238
75.0% - 5/IM-0001-0155.jpg,21.778872438796046,119515,26761,211231,16229
75.0% - 5/IM-0001-0156.jpg,21.606241564764428,119601,26243,210687,15967
75.0% - 5/IM-0001-0157.jpg,21.67053823373201,118954,26124,210139,16037
75.0% - 5/IM-0001-0158.jpg,21.682754266647954,119081,25990,210804,15904
75.0% - 5/IM-0001-0159.jpg,21.83194503399649,118703,25694,211061,15279
75.0% - 5/IM-0001-0160.jpg,21.944728629122075,118642,25700,211104,15047
75.0% - 5/IM-0001-0161.jpg,22.052962327477992,117940,25386,210820,14896
75.0% - 5/IM-0001-0162.jpg,22.1487599167587,118239,25674,209980,14402
75.0% - 5/IM-0001-0163.jpg,22.141334762419422,117699,25526,209762,14940
75.0% - 5/IM-0001-0164.jpg,22.213709812724368,117418,25283,210315,14449
75.0% - 5/IM-0001-0165.jpg,22.189945435483214,117044,24427,210538,14325
75.0% - 5/IM-0001-0166.jpg,22.320993609715963,117397,24277,212089,13955
75.0% - 5/IM-0001-0167.jpg,22.21217825269642,117138,24334,210884,14023
75.0% - 5/IM-0001-0168.jpg,22.149337826070045,117246,24825,211817,14114
75.0% - 5/IM-0001-0169.jpg,22.068600578711845,117781,24722,211433,14189
75.0% - 5/IM-0001-0171.jpg,22.30140386339919,117880,24162,211854,13568
75.0% - 5/IM-0001-0172.jpg,22.210968789367563,118522,23836,211894,13626
75.0% - 5/IM-0001-0173.jpg,22.200609990846427,118480,24367,212506,14224
75.0% - 5/IM-0001-0174.jpg,22.340034208739535,119310,24179,213315,13365
75.0% - 5/IM-0001-0175.jpg,22.195768596639255,119863,24870,213132,14157
75.0% - 5/IM-0001-0176.jpg,22.11890188477504,119089,24604,213368,14449
75.0% - 5/IM-0001-0177.jpg,22.144436416348352,118985,23990,213964,13547
75.0% - 5/IM-0001-0178.jpg,22.204258844880442,118990,24138,213593,14060
75.0% - 5/IM-0001-0179.jpg,22.251057477737458,118894,23744,213403,13794
75.0% - 5/IM-0001-0180.jpg,22.261324783838063,118943,23833,213291,13401
75.0% - 5/IM-0001-0181.jpg,22.267902783649514,119314,23582,213482,13269
75.0% - 5/IM-0001-0182.jpg,22.34119035295185,119561,23299,214200,13108
75.0% - 5/IM-0001-0183.jpg,22.340182989584875,119555,23503,214529,13248
75.0% - 5/IM-0001-0184.jpg,22.263964846425573,119920,23428,214190,13532
75.0% - 5/IM-0001-0185.jpg,22.35026584037181,119911,23365,214714,13283
75.0% - 5/IM-0001-0186.jpg,22.134477644369774,121330,23718,215430,13693
75.0% - 5/IM-0001-0188.jpg,22.19900166626319,120994,24150,215240,13785
75.0% - 5/IM-0001-0189.jpg,22.155125463072828,119809,24572,215276,14157
75.0% - 5/IM-0001-0190.jpg,22.181924820329243,120974,24521,215432,14055
75.0% - 5/IM-0001-0191.jpg,22.15452920928881,122180,24832,215860,13874
75.0% - 5/IM-0001-0192.jpg,22.025251714668087,122071,25229,215558,14271
75.0% - 5/IM-0001-0193.jpg,22.0657094829285,122257,26039,215774,14606
75.0% - 5/IM-0001-0194.jpg,21.984194258475252,122337,26663,216277,15245
75.0% - 5/IM-0001-0195.jpg,22.130821840748997,122134,26466,216323,15080
75.0% - 5/IM-0001-0196.jpg,22.062318438998364,122397,26898,216910,15194
75.0% - 5/IM-0001-0197.jpg,22.035938053419102,121837,27252,217024,14827
75.0% - 5/IM-0001-0198.jpg,21.993005709885665,121224,27160,216805,15194
75.0% - 5/IM-0001-0199.jpg,22.002548178702312,121448,27675,215518,15375
75.0% - 5/IM-0001-0200.jpg,22.152332493160408,120817,27479,214760,15302
75.0% - 5/IM-0001-0201.jpg,22.028865050928808,121187,27542,215085,15819
75.0% - 5/IM-0001-0202.jpg,21.993704018504154,121345,27714,215277,15828
75.0% - 5/IM-0001-0203.jpg,21.931128772410805,120619,27795,214599,16227
75.0% - 5/IM-0001-0205.jpg,21.9827175123851,121371,27961,214850,16078
75.0% - 5/IM-0001-0206.jpg,21.94021432064341,121379,28085,213892,16491
75.0% - 5/IM-0001-0207.jpg,21.913224154813463,121258,27840,214245,16154
75.0% - 5/IM-0001-0208.jpg,21.878765042003604,121870,28347,215265,16646
75.0% - 5/IM-0001-0209.jpg,21.86824466092252,121893,28332,215260,16564
75.0% - 5/IM-0001-0210.jpg,21.857991528026915,122773,28659,214793,16369
75.0% - 5/IM-0001-0211.jpg,21.821284346356112,122762,28562,215834,16433
75.0% - 5/IM-0001-0212.jpg,21.67136824465688,123262,29200,215528,17039
75.0% - 5/IM-0001-0213.jpg,21.720264010050826,123578,29288,216692,16825
75.0% - 5/IM-0001-0214.jpg,21.852655201377114,123330,29162,216455,16997
75.0% - 5/IM-0001-0215.jpg,21.939070499641453,123578,28983,217203,16707
75.0% - 5/IM-0001-0216.jpg,21.869157883055145,124055,29378,217744,16347
75.0% - 5/IM-0001-0217.jpg,21.77503913830966,123951,29353,217838,16555
75.0% - 5/IM-0001-0218.jpg,21.800846577583734,124220,29146,218432,16568
75.0% - 5/IM-0001-0219.jpg,21.83239521744888,124035,29217,219243,16650
75.0% - 5/IM-0001-0220.jpg,21.80551948313552,124293,29027,218309,16627
75.0% - 5/IM-0001-0222.jpg,21.884902985164885,124368,29563,218782,16125
75.0% - 5/IM-0001-0223.jpg,21.73170437356131,124859,28868,218812,16451
75.0% - 5/IM-0001-0224.jpg,22.04209417337067,125160,28730,218386,15701
75.0% - 5/IM-0001-0225.jpg,21.973697385485007,125400,29071,219444,15433
75.0% - 5/IM-0001-0226.jpg,21.971071160032132,125291,28874,219969,15557
75.0% - 5/IM-0001-0227.jpg,22.096650470796675,125134,28176,217086,14901
75.0% - 5/IM-0001-0228.jpg,22.442594494825762,125899,24808,220804,12917
75.0% - 5/IM-0001-0229.jpg,22.46893653800607,125942,24462,221089,12626
75.0% - 5/IM-0001-0230.jpg,22.387952324894762,126317,24507,216548,12622
75.0% - 5/IM-0001-0231.jpg,22.4115931431042,126260,25499,218486,13020
75.0% - 5/IM-0001-0232.jpg,22.445395617115786,126401,24735,219552,12838
75.0% - 5/IM-0001-0233.jpg,22.401052714218608,127743,25208,218504,12540
75.0% - 5/IM-0001-0234.jpg,22.41287205341573,128020,25531,219479,12486
75.0% - 5/IM-0001-0235.jpg,22.463590696895924,128730,25331,219297,12602
75.0% - 5/IM-0001-0236.jpg,22.40515826609532,128749,25371,220849,12538
75.0% - 5/IM-0001-0237.jpg,22.307613599582943,129212,25709,216982,12796
75.0% - 5/IM-0001-0239.jpg,22.41696470774647,128360,25378,220662,13146
75.0% - 5/IM-0001-0240.jpg,22.365374627337623,128711,25751,219044,13116
75.0% - 5/IM-0001-0241.jpg,22.53738682511623,129298,26378,219264,12939
75.0% - 5/IM-0001-0242.jpg,22.532361427564027,129242,25977,220435,12732
75.0% - 5/IM-0001-0243.jpg,22.49939172673891,129626,26186,223123,13070
75.0% - 5/IM-0001-0244.jpg,22.50515691726423,130669,26211,222462,12793
75.0% - 5/IM-0001-0245.jpg,22.058449532253967,130929,26330,221225,13098
75.0% - 5/IM-0001-0246.jpg,22.413437790773763,131733,26422,220852,13336
75.0% - 5/IM-0001-0247.jpg,22.336188898721687,132460,26939,219475,13417
75.0% - 5/IM-0001-0248.jpg,22.33634073297359,133338,27153,222519,13044
75.0% - 5/IM-0001-0249.jpg,22.05522282565534,134084,26825,221543,12976
75.0% - 5/IM-0001-0250.jpg,21.95478481474142,134364,27371,220401,12798
75.0% - 5/IM-0001-0251.jpg,21.972891489842073,134473,27556,219826,13381
75.0% - 5/IM-0001-0252.jpg,21.896776632976103,135304,28180,218763,13359
75.0% - 5/IM-0001-0253.jpg,21.759968545021575,136139,28623,217768,14164
75.0% - 5/IM-0001-0254.jpg,22.055975713976817,136982,28561,221971,14198
75.0% - 5/IM-0001-0256.jpg,21.804167057837436,138055,29027,221435,14408
75.0% - 5/IM-0001-0257.jpg,21.9312901777755,139018,29907,222260,14948
75.0% - 5/IM-0001-0258.jpg,22.000736056396054,139763,29585,220633,15056
75.0% - 5/IM-0001-0259.jpg,21.6113271264639,139357,29989,220339,15315
75.0% - 5/IM-0001-0260.jpg,21.594610853667287,140139,30890,217392,15081
75.0% - 5/IM-0001-0261.jpg,21.49822457191918,140798,31063,219530,15721
75.0% - 5/IM-0001-0262.jpg,21.312264311901995,140823,31928,220644,15916
75.0% - 5/IM-0001-0263.jpg,21.12634822735304,142676,34529,220216,17823
75.0% - 5/IM-0001-0264.jpg,20.937315776932664,143388,35408,219474,18438
75.0% - 5/IM-0001-0265.jpg,21.16240311240961,144385,36212,220203,19023
75.0% - 5/IM-0001-0266.jpg,21.094167812964137,144702,36598,220378,19787
75.0% - 5/IM-0001-0267.jpg,20.70274921395358,145333,36870,221083,19591
75.0% - 5/IM-0001-0268.jpg,20.984324102551398,146183,37483,221909,19773
75.0% - 5/IM-0001-0269.jpg,20.84182910996776,147629,37237,222323,19938
75.0% - 5/IM-0001-0270.jpg,20.92288790310734,148068,37978,221750,20626
75.0% - 5/IM-0001-0271.jpg,20.984409466519523,148766,38060,220306,20822
75.0% - 5/IM-0001-0273.jpg,20.694568817271687,150476,38530,222544,20578
75.0% - 5/IM-0001-0274.jpg,20.781695128767062,151570,38359,223811,20889
75.0% - 5/IM-0001-0275.jpg,20.90751488425406,152992,39199,224778,21430
75.0% - 5/IM-0001-0276.jpg,20.639420781981663,154727,40184,221097,22585
75.0% - 5/IM-0001-0277.jpg,20.634328530144135,155565,40207,224947,22049
75.0% - 5/IM-0001-0278.jpg,20.554565634318376,157171,40620,223637,21917
75.0% - 5/IM-0001-0279.jpg,20.497697547901424,159674,41326,224837,21800
75.0% - 5/IM-0001-0280.jpg,20.316406300516153,161001,41533,226860,21773
75.0% - 5/IM-0001-0281.jpg,20.327163805944558,161956,41213,228725,21575
75.0% - 5/IM-0001-0282.jpg,20.202044923168675,163717,42299,229475,22013
75.0% - 5/IM-0001-0283.jpg,20.133519009541956,165448,43017,230616,21793
75.0% - 5/IM-0001-0284.jpg,20.26967427589099,166293,43075,231189,21914
75.0% - 5/IM-0001-0285.jpg,20.232921828960574,167066,42981,231937,21606
75.0% - 5/IM-0001-0286.jpg,20.30603920289426,168252,43263,231319,21795
75.0% - 5/IM-0001-0287.jpg,20.349913517148977,168891,42939,233742,21619
75.0% - 5/IM-0001-0288.jpg,20.28542872018256,169805,43529,233491,20929
75.0% - 5/IM-0001-0290.jpg,20.40328220154935,171466,42948,232242,20270
75.0% - 5/IM-0001-0291.jpg,20.370509652329662,172245,42538,231910,20117
75.0% - 5/IM-0001-0292.jpg,20.424764058752718,173458,43738,234289,20436
75.0% - 5/IM-0001-0293.jpg,20.39309785931262,174235,43494,235063,19815
75.0% - 5/IM-0001-0294.jpg,20.38745743026031,175167,43482,234474,20039
75.0% - 5/IM-0001-0295.jpg,20.539297063821582,175688,42486,235977,19859
75.0% - 5/IM-0001-0296.jpg,20.614121444749138,176192,42612,235406,18629
75.0% - 5/IM-0001-0297.jpg,20.66178829369717,177256,42742,236212,19778
75.0% - 5/IM-0001-0298.jpg,20.634266111458615,177922,43090,236219,19400
75.0% - 5/IM-0001-0299.jpg,20.470378082972292,178718,42866,236213,19202
75.0% - 5/IM-0001-0300.jpg,20.429892337877888,179448,42472,236221,20045
75.0% - 5/IM-0001-0301.jpg,20.570256333346105,180321,42438,236521,20045
75.0% - 5/IM-0001-0302.jpg,20.40602339426169,180803,43048,236492,20191
75.0% - 5/IM-0001-0303.jpg,20.42876400792132,181642,42653,237652,20019
75.0% - 5/IM-0001-0304.jpg,20.379691349899947,181931,44134,239029,20385
75.0% - 5/IM-0001-0305.jpg,20.396963852562443,182365,44006,239995,19728
75.0% - 5/IM-0001-0307.jpg,20.36418598756223,183850,43976,240748,20031
75.0% - 5/IM-0001-0308.jpg,20.311604452703914,184194,44089,242206,20814
75.0% - 5/IM-0001-0309.jpg,20.329131724197946,184817,45793,243410,20931
75.0% - 5/IM-0001-0310.jpg,20.383612939023365,185200,45545,242764,21452
75.0% - 5/IM-0001-0311.jpg,20.151710093892405,185748,47144,243362,21802
75.0% - 5/IM-0001-0312.jpg,20.12645865778655,186433,48150,243487,22662
75.0% - 5/IM-0001-0313.jpg,20.070846978426037,187112,48961,242987,23548
75.0% - 5/IM-0001-0314.jpg,20.17845502216913,187841,51020,243670,23739
75.0% - 5/IM-0001-0315.jpg,19.97878712437331,188208,51250,243193,24669
75.0% - 5/IM-0001-0316.jpg,19.83974806727811,188431,52579,243712,26298
75.0% - 5/IM-0001-0317.jpg,19.77300036844525,187915,52623,242921,26879
75.0% - 5/IM-0001-0318.jpg,19.785442758241825,188516,53326,243007,27084
75.0% - 5/IM-0001-0319.jpg,19.686679553855,189298,54489,242886,28919
75.0% - 5/IM-0001-0320.jpg,19.389447128307783,190311,54975,243646,30176
75.0% - 5/IM-0001-0321.jpg,19.249544376649713,190744,55785,245290,31289
75.0% - 5/IM-0001-0322.jpg,19.152931442527215,190755,56322,245949,31602
75.0% - 5/IM-0001-0324.jpg,19.116085158391545,191876,56950,246569,32513
75.0% - 5/IM-0001-0325.jpg,19.252917394112693,192339,57159,246560,32307
75.0% - 5/IM-0001-0326.jpg,19.1291309937575,192652,57474,246427,32323
75.0% - 5/IM-0001-0327.jpg,19.199928770662797,193087,58277,246467,32911
75.0% - 5/IM-0001-0328.jpg,19.042731430096577,193275,58128,247010,32588
75.0% - 5/IM-0001-0329.jpg,18.918486271628357,193568,58250,247621,33280
75.0% - 5/IM-0001-0330.jpg,19.008832894177107,194036,58455,247339,34029
75.0% - 5/IM-0001-0331.jpg,18.972987482180123,194714,58700,246823,33776
75.0% - 5/IM-0001-0332.jpg,19.085110508608633,195142,58503,246470,33486
75.0% - 5/IM-0001-0333.jpg,19.0552518813942,195135,58790,246327,33394
75.0% - 5/IM-0001-0334.jpg,18.87281243930627,195639,59280,246370,34102
75.0% - 5/IM-0001-0335.jpg,18.967221039247818,195964,58413,246310,33524
75.0% - 5/IM-0001-0336.jpg,18.885787372392883,196384,58991,246771,33911
75.0% - 5/IM-0001-0337.jpg,18.85069839268973,197421,59185,246425,34560
75.0% - 5/IM-0001-0338.jpg,19.205563516051505,197335,59070,246428,34720
75.0% - 5/IM-0001-0339.jpg,18.847269382742674,198050,59527,247325,35048
75.0% - 5/IM-0001-0341.jpg,18.936819784695004,198839,59925,247433,34735
75.0% - 5/IM-0001-0342.jpg,18.916680618448428,198816,60083,247688,34640
75.0% - 5/IM-0001-0343.jpg,18.98240566018087,199164,59274,247502,33693
75.0% - 5/IM-0001-0344.jpg,18.971213774430925,199479,59596,248074,32783
75.0% - 5/IM-0001-0345.jpg,19.157123795507868,199591,59958,247962,32764
75.0% - 5/IM-0001-0346.jpg,18.95540412511204,200121,59879,248112,33502
75.0% - 5/IM-0001-0347.jpg,19.08359991993088,200431,59488,248356,32053
75.0% - 5/IM-0001-0348.jpg,19.08178176540368,200755,58652,248745,31637
75.0% - 5/IM-0001-0349.jpg,19.165538784743134,200652,56886,248595,30028
75.0% - 5/IM-0001-0350.jpg,19.173326370524084,200947,56711,248732,30170
75.0% - 5/IM-0001-0351.jpg,19.176421459986123,201223,56861,248894,30902
75.0% - 5/IM-0001-0352.jpg,19.324529542167927,201389,57033,248055,30358
75.0% - 5/IM-0001-0353.jpg,19.297152320908385,201727,56679,248768,30216
75.0% - 5/IM-0001-0354.jpg,19.071998405386164,201778,57769,247928,31375
75.0% - 5/IM-0001-0355.jpg,19.11653609418288,201671,57576,248349,30468
75.0% - 5/IM-0001-0356.jpg,19.052559519527353,201715,57805,248477,30612
75.0% - 5/IM-0001-0358.jpg,19.197780952487005,201916,58365,248293,31018
75.0% - 5/IM-0001-0359.jpg,19.10503629249272,202327,57896,248621,31425
75.0% - 5/IM-0001-0360.jpg,19.116651823834474,202886,58674,248643,32063
75.0% - 5/IM-0001-0361.jpg,18.94662330835256,202987,59342,248829,32593
75.0% - 5/IM-0001-0362.jpg,18.96632910654582,203244,59533,248351,32852
75.0% - 5/IM-0001-0363.jpg,18.914716799653284,203438,59386,248693,32834
75.0% - 5/IM-0001-0364.jpg,18.892350575634225,203593,59323,248930,33595
75.0% - 5/IM-0001-0365.jpg,18.7637541303442,203918,60342,248332,34083
75.0% - 5/IM-0001-0366.jpg,18.731290478012713,204288,59979,249083,34095
75.0% - 5/IM-0001-0367.jpg,18.75384981663308,204373,60513,248882,34545
75.0% - 5/IM-0001-0368.jpg,18.812716865509508,204410,60434,248907,34919
75.0% - 5/IM-0001-0369.jpg,18.870341743008595,204766,60443,249190,34420
75.0% - 5/IM-0001-0370.jpg,18.707371358830986,204873,60918,248963,34580
75.0% - 5/IM-0001-0371.jpg,18.72739786050023,205067,60472,249057,34748
75.0% - 5/IM-0001-0372.jpg,18.740053391148155,205344,60691,249059,35083
75.0% - 5/IM-0001-0373.jpg,18.719059741641676,205277,60947,249285,35703
75.0% - 5/IM-0001-0375.jpg,18.68157630015251,205375,61892,248806,34934
75.0% - 5/IM-0001-0376.jpg,18.708245586303814,205384,61475,248948,35058
75.0% - 5/IM-0001-0377.jpg,18.679934770061028,205652,62304,249037,35985
75.0% - 5/IM-0001-0378.jpg,18.656871758448396,205634,62201,248914,36329
75.0% - 5/IM-0001-0379.jpg,18.722614830345428,205788,61922,248801,36517
75.0% - 5/IM-0001-0380.jpg,18.641906665954448,205661,62687,248924,36821
75.0% - 5/IM-0001-0381.jpg,18.617237533561372,205710,63358,248955,36987
75.0% - 5/IM-0001-0382.jpg,18.53783929548912,205841,62644,248856,36801
75.0% - 5/IM-0001-0383.jpg,18.409275054848607,206161,64498,249197,39484
75.0% - 5/IM-0001-0384.jpg,18.588957570227066,206054,65642,249631,41480
75.0% - 5/IM-0001-0385.jpg,18.54478903666803,206189,65972,249045,42382
75.0% - 5/IM-0001-0386.jpg,18.57302644260976,206220,65691,248735,41684
75.0% - 5/IM-0001-0387.jpg,18.432405433136537,206409,65977,248634,43532
75.0% - 5/IM-0001-0388.jpg,18.402061801125935,206142,66062,248735,42981
75.0% - 5/IM-0001-0389.jpg,18.44832709909838,206476,65940,248634,43553
75.0% - 5/IM-0001-0390.jpg,18.534964518188183,206675,66030,248589,43002
75.0% - 5/IM-0001-0392.jpg,18.59251351179921,206805,65929,248084,42165
75.0% - 5/IM-0001-0393.jpg,18.513852659454315,206899,65768,247909,42812
75.0% - 5/IM-0001-0394.jpg,18.47172690942297,207212,66112,247537,43570
75.0% - 5/IM-0001-0395.jpg,18.55453051372985,207455,65924,247295,42801
75.0% - 5/IM-0001-0396.jpg,18.508995814650063,207603,65971,247184,42619
75.0% - 5/IM-0001-0397.jpg,18.331001160716443,207622,66540,247008,42517
75.0% - 5/IM-0001-0398.jpg,18.564115044700625,207523,66276,247079,42056
75.0% - 5/IM-0001-0399.jpg,18.492337425894352,207542,66352,246467,42570
75.0% - 5/IM-0001-0400.jpg,18.529992826892528,207808,66065,245899,42022
75.0% - 5/IM-0001-0401.jpg,18.61476687560284,207988,65681,246092,42703
75.0% - 5/IM-0001-0402.jpg,18.629469975553416,207789,65825,245281,41389
75.0% - 5/IM-0001-0403.jpg,18.779313921706326,207394,65110,245115,40637
75.0% - 5/IM-0001-0404.jpg,18.775676444894724,207484,65567,245292,40753
75.0% - 5/IM-0001-0405.jpg,18.784047845898776,207802,65376,246189,40868
75.0% - 5/IM-0001-0406.jpg,18.773753352417337,207885,65583,246805,40764
75.0% - 5/IM-0001-0407.jpg,18.544483431485805,207942,65785,247127,41006
75.0% - 5/IM-0001-0409.jpg,18.430587634507624,208219,65787,246856,39860
75.0% - 5/IM-0001-0410.jpg,18.57281682564721,208158,65673,247065,39473
75.0% - 5/IM-0001-0411.jpg,18.44779415108023,208429,65957,247145,39436
75.0% - 5/IM-0001-0412.jpg,18.528430614173963,208426,65415,246777,39270
75.0% - 5/IM-0001-0413.jpg,18.59239479899188,208706,65571,247106,39479
75.0% - 5/IM-0001-0414.jpg,18.593543259984642,208604,65628,247005,39057
75.0% - 5/IM-0001-0415.jpg,18.53928172986095,208583,65875,247080,39609
75.0% - 5/IM-0001-0416.jpg,18.546946524822744,208428,65476,247164,39073
75.0% - 5/IM-0001-0417.jpg,18.6675043541235,208477,65290,246829,38082
75.0% - 5/IM-0001-0418.jpg,18.615884478465894,208557,64965,246164,39096
75.0% - 5/IM-0001-0419.jpg,18.579348041577987,208369,64992,245788,39144
75.0% - 5/IM-0001-0420.jpg,18.766168151411485,208286,64150,245805,36718
75.0% - 5/IM-0001-0421.jpg,18.87366191784402,208039,63917,244925,36938
75.0% - 5/IM-0001-0422.jpg,18.878376675079206,207989,63267,244694,36319
75.0% - 5/IM-0001-0423.jpg,18.786835447707624,208184,63080,245259,36904
75.0% - 5/IM-0001-0424.jpg,18.784868580823275,208097,63635,245707,36884
75.0% - 5/IM-0001-0426.jpg,18.90680577778938,207916,62391,245527,36141
75.0% - 5/IM-0001-0427.jpg,18.908885203600818,207710,62122,245769,35857
75.0% - 5/IM-0001-0428.jpg,19.002654678959658,207808,62622,246498,36365
75.0% - 5/IM-0001-0429.jpg,18.824418285424848,208211,62471,246516,37049
75.0% - 5/IM-0001-0430.jpg,18.90330607237981,207884,62493,246637,36543
75.0% - 5/IM-0001-0431.jpg,18.932783664308378,207959,63552,246737,36500
75.0% - 5/IM-0001-0432.jpg,18.859717220076927,207991,63460,246733,37174
75.0% - 5/IM-0001-0433.jpg,18.706947307232337,208098,63718,246950,38031
75.0% - 5/IM-0001-0434.jpg,18.805998029916392,207866,63971,246954,37444
75.0% - 5/IM-0001-0435.jpg,18.786222155861182,207851,64101,247007,37389
75.0% - 5/IM-0001-0436.jpg,18.68371681138067,208026,64672,246093,38962
75.0% - 5/IM-0001-0437.jpg,18.72481686976442,207830,64694,246844,39223
75.0% - 5/IM-0001-0438.jpg,18.523839494289536,207880,64584,246592,39970
75.0% - 5/IM-0001-0439.jpg,18.88774122679082,207602,65203,247194,40152
75.0% - 5/IM-0001-0440.jpg,18.76238747789687,207798,65521,247132,41057
75.0% - 5/IM-0001-0441.jpg,18.91728735696493,207666,65148,247155,41233
75.0% - 5/IM-0001-0442.jpg,18.807938554915324,207606,65223,246757,40854
75.0% - 5/IM-0001-0443.jpg,18.831338369536617,207241,65335,247451,40663
75.0% - 5/IM-0001-0444.jpg,18.801195976805886,207253,65445,247429,40444
75.0% - 5/IM-0001-0445.jpg,18.855863071975527,207189,65246,247116,41175
75.0% - 5/IM-0001-0446.jpg,18.8187332403842,207321,65520,247135,41409
75.0% - 5/IM-0001-0447.jpg,18.60079697960788,207112,65343,247330,42525
75.0% - 5/IM-0001-0448.jpg,18.683548803314817,207070,65924,247234,42031
75.0% - 5/IM-0001-0449.jpg,18.555862118802352,207115,65184,247101,41912
75.0% - 5/IM-0001-0450.jpg,18.518146642753678,207141,65441,246913,42250
75.0% - 5/IM-0001-0451.jpg,18.684507603443866,207003,65629,247173,42841
75.0% - 5/IM-0001-0452.jpg,18.653564017687373,207064,65694,246893,43179
DP SPAIR AX SENSE - 701/IM-0001-0001.jpg,22.7336786271003,353821,40929,454116,18559
DP SPAIR AX SENSE - 701/IM-0001-0002.jpg,24.069972576909386,353464,35152,456074,15997
DP SPAIR AX SENSE - 701/IM-0001-0003.jpg,24.063156906535788,352428,34399,461478,15985
DP SPAIR AX SENSE - 701/IM-0001-0004.jpg,24.20572782383454,352487,33289,467151,15852
DP SPAIR AX SENSE - 701/IM-0001-0005.jpg,23.180771471160938,350943,35500,473093,18470
DP SPAIR AX SENSE - 701/IM-0001-0006.jpg,25.86616689398486,345182,16510,464079,9736
DP SPAIR AX SENSE - 701/IM-0001-0007.jpg,26.41233670350389,340962,13021,452590,9074
DP SPAIR AX SENSE - 701/IM-0001-0008.jpg,28.834911356971837,332923,7156,427021,4503
DP SPAIR AX SENSE - 701/IM-0001-0009.jpg,29.08652976047065,329168,6742,432335,4830
DP SPAIR AX SENSE - 701/IM-0001-0010.jpg,29.127535394777624,325072,6712,425348,4217
DP SPAIR AX SENSE - 701/IM-0001-0011.jpg,27.80816094508358,326268,9953,435389,6482
DP SPAIR AX SENSE - 701/IM-0001-0012.jpg,25.235927829386277,325302,18926,441382,13122
DP SPAIR AX SENSE - 701/IM-0001-0013.jpg,24.7137165389718,320291,22295,439718,15469
DP SPAIR AX SENSE - 701/IM-0001-0014.jpg,24.011604479463557,316093,27173,438949,18543
DP SPAIR AX SENSE - 701/IM-0001-0015.jpg,25.152694630455375,310276,21080,430825,13925
DP SPAIR AX SENSE - 701/IM-0001-0016.jpg,25.815933681039134,305169,19536,413521,12218
DP SPAIR AX SENSE - 701/IM-0001-0017.jpg,26.13618998099293,300365,16898,407866,10910
DP SPAIR AX SENSE - 701/IM-0001-0018.jpg,27.765753811010676,292891,11424,400320,6616
DP SPAIR AX SENSE - 701/IM-0001-0019.jpg,25.269364509674176,291020,21020,399769,12846
DP SPAIR AX SENSE - 701/IM-0001-0020.jpg,28.95221212066545,280878,7111,385541,3630
DP SPAIR AX SENSE - 701/IM-0001-0021.jpg,29.624363270244064,275022,5139,372948,2967
DP SPAIR AX SENSE - 701/IM-0001-0022.jpg,31.762780314373977,264146,2958,342608,2007
PD SPAIR COR SENSE - 801/IM-0001-0001.jpg,23.414631039841932,816310,24633,905079,11090
PD SPAIR COR SENSE - 801/IM-0001-0002.jpg,25.554575110511944,826390,10139,911683,5399
PD SPAIR COR SENSE - 801/IM-0001-0003.jpg,24.66513858690734,838953,18275,929167,8581
PD SPAIR COR SENSE - 801/IM-0001-0004.jpg,27.62556676842065,793683,8098,881550,5092
PD SPAIR COR SENSE - 801/IM-0001-0005.jpg,28.48315450004265,738745,7534,840532,4905
PD SPAIR COR SENSE - 801/IM-0001-0006.jpg,31.40065086913996,616717,4545,716249,3518
PD SPAIR COR SENSE - 801/IM-0001-0007.jpg,25.276690249659268,740117,19441,834577,10586
PD SPAIR COR SENSE - 801/IM-0001-0008.jpg,27.908416188263057,684679,7375,785814,5085
PD SPAIR COR SENSE - 801/IM-0001-0009.jpg,25.31551571124863,674676,16600,769897,7968
PD SPAIR COR SENSE - 801/IM-0001-0010.jpg,25.155789860110197,640903,18425,732760,7823
PD SPAIR COR SENSE - 801/IM-0001-0011.jpg,24.93453600926042,600200,19153,695735,8188
PD SPAIR COR SENSE - 801/IM-0001-0012.jpg,23.370968981678175,570152,40267,660085,15883
PD SPAIR COR SENSE - 801/IM-0001-0013.jpg,24.39292901684649,518774,28584,611331,12455
PD SPAIR COR SENSE - 801/IM-0001-0014.jpg,24.356102536955714,472836,29606,564041,13522
PD SPAIR COR SENSE - 801/IM-0001-0015.jpg,24.619898010367336,422385,29928,513478,13767
PD SPAIR COR SENSE - 801/IM-0001-0016.jpg,25.675149641841266,369694,20014,460978,9544
PD SPAIR COR SENSE - 801/IM-0001-0017.jpg,30.856852330920802,306831,2438,401571,1331
PD SPAIR COR SENSE - 801/IM-0001-0018.jpg,33.488031926910814,260660,1564,347629,997
PD SPAIR COR SENSE - 801/IM-0001-0019.jpg,27.25266478191868,247858,13759,341921,7417
PD SPAIR COR SENSE - 801/IM-0001-0020.jpg,26.041094841471978,213844,15831,307639,7713
PDW_aTSE - 501/IM-0001-0001.jpg,29.355826406488497,95756,3919,165438,2137
PDW_aTSE - 501/IM-0001-0002.jpg,27.98390060965531,110238,6137,183964,3799
PDW_aTSE - 501/IM-0001-0003.jpg,26.6328316214601,122663,7949,185931,4757
PDW_aTSE - 501/IM-0001-0004.jpg,26.835219456573846,134071,8630,191149,5499
PDW_aTSE - 501/IM-0001-0005.jpg,25.520188484614255,145524,10605,200461,6669
PDW_aTSE - 501/IM-0001-0006.jpg,24.617329971779334,157022,12068,210736,7914
PDW_aTSE - 501/IM-0001-0007.jpg,24.139483159715297,167535,14406,218836,8761
PDW_aTSE - 501/IM-0001-0008.jpg,23.673681172499258,176601,16227,225836,9915
PDW_aTSE - 501/IM-0001-0009.jpg,23.3702751758267,183114,17269,228670,10678
PDW_aTSE - 501/IM-0001-0010.jpg,23.176416628284578,189082,17630,232156,11100
PDW_aTSE - 501/IM-0001-0011.jpg,22.789423498081906,193087,18519,234581,12319
PDW_aTSE - 501/IM-0001-0012.jpg,22.280009692771344,196313,19043,234697,12733
PDW_aTSE - 501/IM-0001-0013.jpg,21.895824982654233,198585,18791,235719,13457
PDW_aTSE - 501/IM-0001-0014.jpg,21.635863430655053,199292,19015,236858,13756
PDW_aTSE - 501/IM-0001-0015.jpg,21.95191716058143,199113,18775,237644,13205
PDW_aTSE - 501/IM-0001-0016.jpg,22.413557928963574,196335,17371,238127,12150
PDW_aTSE - 501/IM-0001-0017.jpg,22.550952867666133,194623,17327,238097,11755
PDW_aTSE - 501/IM-0001-0018.jpg,22.38097030190569,191563,18319,238043,12830
PDW_aTSE - 501/IM-0001-0019.jpg,22.61229993260723,186136,17734,235376,11601
PDW_aTSE - 501/IM-0001-0020.jpg,22.665938829883853,180114,16605,232301,10407
PDW_aTSE - 501/IM-0001-0021.jpg,23.11888363278726,171187,15775,225561,10390
PDW_aTSE - 501/IM-0001-0022.jpg,24.107748959751074,160816,13469,215526,8693
PDW_aTSE - 501/IM-0001-0023.jpg,24.487623968169586,148955,12567,204341,8199
PDW_aTSE - 501/IM-0001-0024.jpg,25.057618385285284,134028,11959,188838,7936
PDW_aTSE - 501/IM-0001-0025.jpg,25.43103191526365,118250,11802,176432,7555
PDW_aTSE - 501/IM-0001-0026.jpg,27.02641462315647,102298,8155,168073,5255
T1W_aTSE - 301/IM-0001-0001.jpg,22.877354137168766,190690,14875,243636,9854
T1W_aTSE - 301/IM-0001-0002.jpg,22.368015216033076,197475,17516,246184,11471
T1W_aTSE - 301/IM-0001-0003.jpg,21.992484228834766,202895,19761,250839,12419
T1W_aTSE - 301/IM-0001-0004.jpg,21.84615389007446,203818,21451,252622,13836
T1W_aTSE - 301/IM-0001-0005.jpg,21.919774161455475,202813,22778,253041,12895
T1W_aTSE - 301/IM-0001-0006.jpg,21.985480620579363,198742,22712,250006,13273
T1W_aTSE - 301/IM-0001-0007.jpg,22.029700144254043,193142,21690,245962,12048
T1W_aTSE - 301/IM-0001-0008.jpg,22.297307234582,186236,22046,241313,11743
T1W_aTSE - 301/IM-0001-0009.jpg,22.82056754082376,178140,20829,235102,11080
T1W_aTSE - 301/IM-0001-0010.jpg,23.05499645442012,169696,20095,228687,9865
T1W_aTSE - 301/IM-0001-0011.jpg,23.40989361037339,161050,17909,223835,8905
T1W_aTSE - 301/IM-0001-0012.jpg,24.004711394724527,152909,17668,217409,8971
T1W_aTSE - 301/IM-0001-0013.jpg,24.105847084976055,143929,16840,210267,8939
T1W_aTSE - 301/IM-0001-0014.jpg,24.710118239583956,134210,14646,202062,8143
T1W_aTSE - 301/IM-0001-0015.jpg,24.87173836971391,123549,13365,192738,7901
T1W_aTSE - 301/IM-0001-0016.jpg,24.826464366066187,112185,13885,179081,8374
T1W_aTSE - 301/IM-0001-0017.jpg,25.21705593421881,101236,11582,164529,7559
T1W_aTSE - 301/IM-0001-0018.jpg,25.414729085461527,91387,11032,151921,7143
T1W_aTSE - 301/IM-0001-0019.jpg,25.66051345282259,81953,11842,141501,7385
T1W_aTSE - 301/IM-0001-0020.jpg,26.922188988111856,72579,9358,129617,5622
T1W_aTSE - 301/IM-0001-0021.jpg,26.7443946575275,63964,9245,119030,6151
T1W_aTSE - 301/IM-0001-0022.jpg,26.408482215246885,56047,8994,108891,5988
T1W_aTSE - 301/IM-0001-0023.jpg,27.880880223756943,49081,7586,102130,4218
T1W_aTSE - 301/IM-0001-0024.jpg,28.95822261168863,41393,6977,97956,3111
T2W_TSE - 601/IM-0001-0001.jpg,27.14930767565264,106123,6970,181319,4091
T2W_TSE - 601/IM-0001-0002.jpg,26.32140673932934,123407,9120,194943,5608
T2W_TSE - 601/IM-0001-0003.jpg,25.16806866049802,139223,11271,205277,6827
T2W_TSE - 601/IM-0001-0004.jpg,25.619771450910463,152054,12731,218544,7464
T2W_TSE - 601/IM-0001-0005.jpg,24.505482464989804,167225,14772,227934,9256
T2W_TSE - 601/IM-0001-0006.jpg,23.97773654097914,180902,17386,240913,9905
T2W_TSE - 601/IM-0001-0007.jpg,23.59554101520053,192044,21647,249795,11457
T2W_TSE - 601/IM-0001-0008.jpg,22.935204949447577,203136,25714,258304,13788
T2W_TSE - 601/IM-0001-0009.jpg,22.491081447398077,210747,27543,264979,14644
T2W_TSE - 601/IM-0001-0010.jpg,22.416502107479733,215829,28067,267774,15221
T2W_TSE - 601/IM-0001-0011.jpg,22.156154282433718,220504,27322,270932,16180
T2W_TSE - 601/IM-0001-0012.jpg,21.523957515749636,226094,28245,274041,17265
T2W_TSE - 601/IM-0001-0013.jpg,21.07651594790539,229019,28124,276349,17646
T2W_TSE - 601/IM-0001-0014.jpg,20.683963250141456,231694,28015,278370,18237
T2W_TSE - 601/IM-0001-0015.jpg,21.049942995428804,232493,28371,279680,17813
T2W_TSE - 601/IM-0001-0016.jpg,20.88480999571688,231400,29229,280982,17712
T2W_TSE - 601/IM-0001-0017.jpg,21.361124679040543,229487,27322,281262,16630
T2W_TSE - 601/IM-0001-0018.jpg,21.497606606376483,224176,27943,279265,16494
T2W_TSE - 601/IM-0001-0019.jpg,21.868740091125307,220426,27346,274140,15624
T2W_TSE - 601/IM-0001-0020.jpg,22.035513822085786,213882,25008,269835,14134
T2W_TSE - 601/IM-0001-0021.jpg,22.820468296741893,204139,21351,262695,12607
T2W_TSE - 601/IM-0001-0022.jpg,25.449649093679547,187650,13337,248854,8534
T2W_TSE - 601/IM-0001-0023.jpg,23.78533712022735,180227,17723,238105,10661
T2W_TSE - 601/IM-0001-0024.jpg,24.553108001101723,162479,16364,221425,9768
T2W_TSE - 601/IM-0001-0025.jpg,25.5824138946061,139251,11919,201815,7387
T2W_TSE - 601/IM-0001-0026.jpg,25.069061111971614,127512,13909,196077,8588
